<?xml version="1.0" encoding="UTF-8"?>
<!DOCTYPE mapper PUBLIC "-//mybatis.org//DTD Mapper 3.0//EN" 
    "http://mybatis.org/dtd/mybatis-3-mapper.dtd">

<mapper namespace="com.aloha.sample.dao.AuthMapper">

    <!-- 회원 권한 목록 조회 -->
    <select id="listByUserNo" resultType="com.aloha.sample.dto.Auth">
        SELECT no, user_no AS userNo, auth, created_at AS createdAt, updated_at AS updatedAt
        FROM user_auth
        WHERE user_no = #{userNo}
    </select>

    <!-- 권한 등록 -->
    <insert id="insert" parameterType="com.aloha.sample.dto.Auth" useGeneratedKeys="true" keyProperty="no">
        INSERT INTO user_auth (user_no, auth)
        VALUES (#{userNo}, #{auth})
    </insert>

    <!-- 권한 삭제 (회원번호로) -->
    <delete id="deleteByUserNo">
        DELETE FROM user_auth WHERE user_no = #{userNo}
    </delete>

    <!-- 권한 삭제 (권한명으로) -->
    <delete id="delete">
        DELETE FROM user_auth WHERE user_no = #{userNo} AND auth = #{auth}
    </delete>

</mapper>
