<?xml version="1.0" encoding="UTF-8"?>
<!DOCTYPE mapper PUBLIC "-//mybatis.org//DTD Mapper 3.0//EN" 
    "http://mybatis.org/dtd/mybatis-3-mapper.dtd">

<mapper namespace="com.aloha.sample.dao.BannerMapper">

    <!-- 배너 목록 조회 -->
    <select id="list" resultType="com.aloha.sample.dto.Banner">
        SELECT no, title, image_url AS imageUrl, link_url AS linkUrl, position,
               is_active AS isActive, start_date AS startDate, end_date AS endDate,
               seq, click_count AS clickCount, created_at AS createdAt, updated_at AS updatedAt
        FROM banners
        ORDER BY seq
    </select>

    <!-- 활성 배너 목록 -->
    <select id="listActive" resultType="com.aloha.sample.dto.Banner">
        SELECT no, title, image_url AS imageUrl, link_url AS linkUrl, position,
               is_active AS isActive, start_date AS startDate, end_date AS endDate,
               seq, click_count AS clickCount, created_at AS createdAt, updated_at AS updatedAt
        FROM banners
        WHERE is_active = 'Y' 
          AND (start_date IS NULL OR start_date &lt;= CURDATE())
          AND (end_date IS NULL OR end_date &gt;= CURDATE())
        ORDER BY seq
    </select>

    <!-- 위치별 배너 목록 -->
    <select id="listByPosition" resultType="com.aloha.sample.dto.Banner">
        SELECT no, title, image_url AS imageUrl, link_url AS linkUrl, position,
               is_active AS isActive, start_date AS startDate, end_date AS endDate,
               seq, click_count AS clickCount, created_at AS createdAt, updated_at AS updatedAt
        FROM banners
        WHERE position = #{position} AND is_active = 'Y'
          AND (start_date IS NULL OR start_date &lt;= CURDATE())
          AND (end_date IS NULL OR end_date &gt;= CURDATE())
        ORDER BY seq
    </select>

    <!-- 배너 단건 조회 -->
    <select id="selectByNo" resultType="com.aloha.sample.dto.Banner">
        SELECT no, title, image_url AS imageUrl, link_url AS linkUrl, position,
               is_active AS isActive, start_date AS startDate, end_date AS endDate,
               seq, click_count AS clickCount, created_at AS createdAt, updated_at AS updatedAt
        FROM banners
        WHERE no = #{no}
    </select>

    <!-- 배너 등록 -->
    <insert id="insert" parameterType="com.aloha.sample.dto.Banner" useGeneratedKeys="true" keyProperty="no">
        INSERT INTO banners (title, image_url, link_url, position, is_active, start_date, end_date, seq)
        VALUES (#{title}, #{imageUrl}, #{linkUrl}, #{position}, COALESCE(#{isActive}, 'Y'),
                #{startDate}, #{endDate}, #{seq})
    </insert>

    <!-- 배너 수정 -->
    <update id="update" parameterType="com.aloha.sample.dto.Banner">
        UPDATE banners
        SET title = #{title}, image_url = #{imageUrl}, link_url = #{linkUrl},
            position = #{position}, is_active = #{isActive}, 
            start_date = #{startDate}, end_date = #{endDate}, seq = #{seq}
        WHERE no = #{no}
    </update>

    <!-- 배너 삭제 -->
    <delete id="delete">
        DELETE FROM banners WHERE no = #{no}
    </delete>

    <!-- 클릭 수 증가 -->
    <update id="incrementClickCount">
        UPDATE banners SET click_count = click_count + 1 WHERE no = #{no}
    </update>

    <!-- 활성화 상태 변경 -->
    <update id="updateActive">
        UPDATE banners SET is_active = #{isActive} WHERE no = #{no}
    </update>

</mapper>
