<?xml version="1.0" encoding="UTF-8"?>
<!DOCTYPE mapper PUBLIC "-//mybatis.org//DTD Mapper 3.0//EN" 
    "http://mybatis.org/dtd/mybatis-3-mapper.dtd">

<mapper namespace="com.aloha.sample.dao.CommentMapper">

    <!-- ResultMap -->
    <resultMap id="commentResultMap" type="com.aloha.sample.dto.Comment">
        <id property="no" column="no"/>
        <result property="boardNo" column="board_no"/>
        <result property="writerNo" column="writer_no"/>
        <result property="content" column="content"/>
        <result property="likeCount" column="like_count"/>
        <result property="createdAt" column="created_at"/>
        <result property="updatedAt" column="updated_at"/>
        <association property="writer" javaType="com.aloha.sample.dto.User">
            <id property="no" column="writer_user_no"/>
            <result property="username" column="writer_username"/>
            <result property="profileImg" column="writer_profile_img"/>
        </association>
    </resultMap>

    <!-- 댓글 목록 (게시글별) -->
    <select id="listByBoard" resultMap="commentResultMap">
        SELECT c.*, 
               u.no AS writer_user_no, u.username AS writer_username, u.profile_img AS writer_profile_img
        FROM club_comments c
        JOIN users u ON c.writer_no = u.no
        WHERE c.board_no = #{boardNo}
        ORDER BY c.created_at
    </select>

    <!-- 작성자별 댓글 목록 -->
    <select id="listByWriter" resultMap="commentResultMap">
        SELECT c.*, 
               u.no AS writer_user_no, u.username AS writer_username, u.profile_img AS writer_profile_img
        FROM club_comments c
        JOIN users u ON c.writer_no = u.no
        WHERE c.writer_no = #{writerNo}
        ORDER BY c.created_at DESC
    </select>

    <!-- 댓글 단건 조회 -->
    <select id="selectByNo" resultMap="commentResultMap">
        SELECT c.*, 
               u.no AS writer_user_no, u.username AS writer_username, u.profile_img AS writer_profile_img
        FROM club_comments c
        JOIN users u ON c.writer_no = u.no
        WHERE c.no = #{no}
    </select>

    <!-- 댓글 등록 -->
    <insert id="insert" parameterType="com.aloha.sample.dto.Comment" useGeneratedKeys="true" keyProperty="no">
        INSERT INTO club_comments (board_no, writer_no, content)
        VALUES (#{boardNo}, #{writerNo}, #{content})
    </insert>

    <!-- 댓글 수정 -->
    <update id="update" parameterType="com.aloha.sample.dto.Comment">
        UPDATE club_comments
        SET content = #{content}
        WHERE no = #{no}
    </update>

    <!-- 댓글 삭제 -->
    <delete id="delete">
        DELETE FROM club_comments WHERE no = #{no}
    </delete>

    <!-- 좋아요 수 증가 -->
    <update id="incrementLikeCount">
        UPDATE club_comments SET like_count = like_count + 1 WHERE no = #{no}
    </update>

    <!-- 좋아요 수 감소 -->
    <update id="decrementLikeCount">
        UPDATE club_comments SET like_count = GREATEST(like_count - 1, 0) WHERE no = #{no}
    </update>

    <!-- 게시글별 댓글 수 -->
    <select id="countByBoard" resultType="int">
        SELECT COUNT(*) FROM club_comments WHERE board_no = #{boardNo}
    </select>

</mapper>
