<?xml version="1.0" encoding="UTF-8"?>
<!DOCTYPE mapper PUBLIC "-//mybatis.org//DTD Mapper 3.0//EN" 
    "http://mybatis.org/dtd/mybatis-3-mapper.dtd">

<mapper namespace="com.aloha.sample.dao.GameMapper">

    <!-- ResultMap -->
    <resultMap id="gameResultMap" type="com.aloha.sample.dto.Game">
        <id property="no" column="no"/>
        <result property="clubNo" column="club_no"/>
        <result property="gameType" column="game_type"/>
        <result property="title" column="title"/>
        <result property="options" column="options"/>
        <result property="result" column="result"/>
        <result property="createdBy" column="created_by"/>
        <result property="createdAt" column="created_at"/>
        <association property="creator" javaType="com.aloha.sample.dto.User">
            <id property="no" column="creator_no"/>
            <result property="username" column="creator_username"/>
        </association>
    </resultMap>

    <!-- 게임 목록 (모임별) -->
    <select id="listByClub" resultMap="gameResultMap">
        SELECT g.*, 
               u.no AS creator_no, u.username AS creator_username
        FROM random_games g
        JOIN users u ON g.created_by = u.no
        WHERE g.club_no = #{clubNo}
        ORDER BY g.created_at DESC
    </select>

    <!-- 생성자별 게임 목록 -->
    <select id="listByCreator" resultMap="gameResultMap">
        SELECT g.*, 
               u.no AS creator_no, u.username AS creator_username
        FROM random_games g
        JOIN users u ON g.created_by = u.no
        WHERE g.created_by = #{createdBy}
        ORDER BY g.created_at DESC
    </select>

    <!-- 최근 게임 목록 -->
    <select id="listRecentByClub" resultMap="gameResultMap">
        SELECT g.*, 
               u.no AS creator_no, u.username AS creator_username
        FROM random_games g
        JOIN users u ON g.created_by = u.no
        WHERE g.club_no = #{clubNo}
        ORDER BY g.created_at DESC
        LIMIT #{limit}
    </select>

    <!-- 게임 단건 조회 -->
    <select id="selectByNo" resultMap="gameResultMap">
        SELECT g.*, 
               u.no AS creator_no, u.username AS creator_username
        FROM random_games g
        JOIN users u ON g.created_by = u.no
        WHERE g.no = #{no}
    </select>

    <!-- 게임 등록 -->
    <insert id="insert" parameterType="com.aloha.sample.dto.Game" useGeneratedKeys="true" keyProperty="no">
        INSERT INTO random_games (club_no, game_type, title, options, created_by)
        VALUES (#{clubNo}, #{gameType}, #{title}, #{options}, #{createdBy})
    </insert>

    <!-- 게임 결과 저장 -->
    <update id="updateResult">
        UPDATE random_games SET result = #{result} WHERE no = #{no}
    </update>

    <!-- 게임 삭제 -->
    <delete id="delete">
        DELETE FROM random_games WHERE no = #{no}
    </delete>

</mapper>
