<?xml version="1.0" encoding="UTF-8"?>
<!DOCTYPE mapper PUBLIC "-//mybatis.org//DTD Mapper 3.0//EN" 
    "http://mybatis.org/dtd/mybatis-3-mapper.dtd">

<mapper namespace="com.aloha.sample.dao.MemberMapper">

    <!-- ResultMap -->
    <resultMap id="memberResultMap" type="com.aloha.sample.dto.ClubMember">
        <id property="no" column="no"/>
        <result property="clubNo" column="club_no"/>
        <result property="userNo" column="user_no"/>
        <result property="status" column="status"/>
        <result property="joinedAt" column="joined_at"/>
        <association property="user" javaType="com.aloha.sample.dto.User">
            <id property="no" column="user_member_no"/>
            <result property="username" column="user_username"/>
            <result property="profileImg" column="user_profile_img"/>
        </association>
    </resultMap>

    <!-- 모임 멤버 목록 조회 -->
    <select id="listByClub" resultMap="memberResultMap">
        SELECT m.*, 
               u.no AS user_member_no, u.username AS user_username, u.profile_img AS user_profile_img
        FROM club_members m
        JOIN users u ON m.user_no = u.no
        WHERE m.club_no = #{clubNo}
        ORDER BY m.joined_at
    </select>

    <!-- 회원별 가입 모임 목록 -->
    <select id="listByUser" resultMap="memberResultMap">
        SELECT m.*, 
               u.no AS user_member_no, u.username AS user_username, u.profile_img AS user_profile_img
        FROM club_members m
        JOIN users u ON m.user_no = u.no
        WHERE m.user_no = #{userNo}
        ORDER BY m.joined_at DESC
    </select>

    <!-- 승인된 멤버 목록 -->
    <select id="listApproved" resultMap="memberResultMap">
        SELECT m.*, 
               u.no AS user_member_no, u.username AS user_username, u.profile_img AS user_profile_img
        FROM club_members m
        JOIN users u ON m.user_no = u.no
        WHERE m.club_no = #{clubNo} AND m.status = 'APPROVED'
        ORDER BY m.joined_at
    </select>

    <!-- 대기중 멤버 목록 -->
    <select id="listPending" resultMap="memberResultMap">
        SELECT m.*, 
               u.no AS user_member_no, u.username AS user_username, u.profile_img AS user_profile_img
        FROM club_members m
        JOIN users u ON m.user_no = u.no
        WHERE m.club_no = #{clubNo} AND m.status = 'PENDING'
        ORDER BY m.joined_at
    </select>

    <!-- 멤버 단건 조회 -->
    <select id="selectByNo" resultMap="memberResultMap">
        SELECT m.*, 
               u.no AS user_member_no, u.username AS user_username, u.profile_img AS user_profile_img
        FROM club_members m
        JOIN users u ON m.user_no = u.no
        WHERE m.no = #{no}
    </select>

    <!-- 멤버 조회 (모임+회원) -->
    <select id="selectByClubAndUser" resultMap="memberResultMap">
        SELECT m.*, 
               u.no AS user_member_no, u.username AS user_username, u.profile_img AS user_profile_img
        FROM club_members m
        JOIN users u ON m.user_no = u.no
        WHERE m.club_no = #{clubNo} AND m.user_no = #{userNo}
    </select>

    <!-- 멤버 등록 -->
    <insert id="insert" parameterType="com.aloha.sample.dto.ClubMember" useGeneratedKeys="true" keyProperty="no">
        INSERT INTO club_members (club_no, user_no, status)
        VALUES (#{clubNo}, #{userNo}, COALESCE(#{status}, 'PENDING'))
    </insert>

    <!-- 멤버 상태 변경 -->
    <update id="updateStatus">
        UPDATE club_members SET status = #{status} WHERE no = #{no}
    </update>

    <!-- 멤버 삭제 -->
    <delete id="delete">
        DELETE FROM club_members WHERE no = #{no}
    </delete>

    <!-- 멤버 삭제 (모임+회원) -->
    <delete id="deleteByClubAndUser">
        DELETE FROM club_members WHERE club_no = #{clubNo} AND user_no = #{userNo}
    </delete>

    <!-- 멤버 여부 확인 -->
    <select id="countByClubAndUser" resultType="int">
        SELECT COUNT(*) FROM club_members WHERE club_no = #{clubNo} AND user_no = #{userNo}
    </select>

</mapper>
