<?xml version="1.0" encoding="UTF-8"?>
<!DOCTYPE mapper PUBLIC "-//mybatis.org//DTD Mapper 3.0//EN" 
    "http://mybatis.org/dtd/mybatis-3-mapper.dtd">

<mapper namespace="com.aloha.sample.dao.ReportMapper">

    <!-- ===== 신고 ResultMap ===== -->
    <resultMap id="reportResultMap" type="com.aloha.sample.dto.Report">
        <id property="no" column="no"/>
        <result property="clubNo" column="club_no"/>
        <result property="reporterNo" column="reporter_no"/>
        <result property="targetNo" column="target_no"/>
        <result property="reason" column="reason"/>
        <result property="createdAt" column="created_at"/>
        <association property="reporter" javaType="com.aloha.sample.dto.User">
            <id property="no" column="reporter_user_no"/>
            <result property="username" column="reporter_username"/>
        </association>
        <association property="target" javaType="com.aloha.sample.dto.User">
            <id property="no" column="target_user_no"/>
            <result property="username" column="target_username"/>
        </association>
        <association property="club" javaType="com.aloha.sample.dto.Club">
            <id property="no" column="report_club_no"/>
            <result property="title" column="club_title"/>
        </association>
    </resultMap>

    <!-- 신고 목록 (전체) -->
    <select id="list" resultMap="reportResultMap">
        SELECT r.*,
               reporter.no AS reporter_user_no, reporter.username AS reporter_username,
               target.no AS target_user_no, target.username AS target_username,
               c.no AS report_club_no, c.title AS club_title
        FROM club_member_reports r
        JOIN users reporter ON r.reporter_no = reporter.no
        JOIN users target ON r.target_no = target.no
        JOIN clubs c ON r.club_no = c.no
        ORDER BY r.created_at DESC
    </select>

    <!-- 모임별 신고 목록 -->
    <select id="listByClub" resultMap="reportResultMap">
        SELECT r.*,
               reporter.no AS reporter_user_no, reporter.username AS reporter_username,
               target.no AS target_user_no, target.username AS target_username,
               c.no AS report_club_no, c.title AS club_title
        FROM club_member_reports r
        JOIN users reporter ON r.reporter_no = reporter.no
        JOIN users target ON r.target_no = target.no
        JOIN clubs c ON r.club_no = c.no
        WHERE r.club_no = #{clubNo}
        ORDER BY r.created_at DESC
    </select>

    <!-- 신고자별 신고 목록 -->
    <select id="listByReporter" resultMap="reportResultMap">
        SELECT r.*,
               reporter.no AS reporter_user_no, reporter.username AS reporter_username,
               target.no AS target_user_no, target.username AS target_username,
               c.no AS report_club_no, c.title AS club_title
        FROM club_member_reports r
        JOIN users reporter ON r.reporter_no = reporter.no
        JOIN users target ON r.target_no = target.no
        JOIN clubs c ON r.club_no = c.no
        WHERE r.reporter_no = #{reporterNo}
        ORDER BY r.created_at DESC
    </select>

    <!-- 피신고자별 신고 목록 -->
    <select id="listByTarget" resultMap="reportResultMap">
        SELECT r.*,
               reporter.no AS reporter_user_no, reporter.username AS reporter_username,
               target.no AS target_user_no, target.username AS target_username,
               c.no AS report_club_no, c.title AS club_title
        FROM club_member_reports r
        JOIN users reporter ON r.reporter_no = reporter.no
        JOIN users target ON r.target_no = target.no
        JOIN clubs c ON r.club_no = c.no
        WHERE r.target_no = #{targetNo}
        ORDER BY r.created_at DESC
    </select>

    <!-- 신고 단건 조회 -->
    <select id="selectByNo" resultMap="reportResultMap">
        SELECT r.*,
               reporter.no AS reporter_user_no, reporter.username AS reporter_username,
               target.no AS target_user_no, target.username AS target_username,
               c.no AS report_club_no, c.title AS club_title
        FROM club_member_reports r
        JOIN users reporter ON r.reporter_no = reporter.no
        JOIN users target ON r.target_no = target.no
        JOIN clubs c ON r.club_no = c.no
        WHERE r.no = #{no}
    </select>

    <!-- 신고 등록 -->
    <insert id="insert" parameterType="com.aloha.sample.dto.Report" useGeneratedKeys="true" keyProperty="no">
        INSERT INTO club_member_reports (club_no, reporter_no, target_no, reason)
        VALUES (#{clubNo}, #{reporterNo}, #{targetNo}, #{reason})
    </insert>

    <!-- 신고 삭제 -->
    <delete id="delete">
        DELETE FROM club_member_reports WHERE no = #{no}
    </delete>

    <!-- 중복 신고 확인 -->
    <select id="countByClubReporterTarget" resultType="int">
        SELECT COUNT(*) FROM club_member_reports 
        WHERE club_no = #{clubNo} AND reporter_no = #{reporterNo} AND target_no = #{targetNo}
    </select>

    <!-- ===== 차단 ===== -->

    <!-- 차단 이력 목록 -->
    <select id="listBan" resultType="com.aloha.sample.dto.UserBan">
        SELECT no, user_no AS userNo, reason, report_count_at_ban AS reportCountAtBan,
               ban_type AS banType, ban_end_date AS banEndDate, is_active AS isActive,
               created_at AS createdAt, updated_at AS updatedAt
        FROM user_bans
        ORDER BY created_at DESC
    </select>

    <!-- 회원별 차단 이력 -->
    <select id="listBanByUser" resultType="com.aloha.sample.dto.UserBan">
        SELECT no, user_no AS userNo, reason, report_count_at_ban AS reportCountAtBan,
               ban_type AS banType, ban_end_date AS banEndDate, is_active AS isActive,
               created_at AS createdAt, updated_at AS updatedAt
        FROM user_bans
        WHERE user_no = #{userNo}
        ORDER BY created_at DESC
    </select>

    <!-- 활성 차단 조회 -->
    <select id="selectActiveBan" resultType="com.aloha.sample.dto.UserBan">
        SELECT no, user_no AS userNo, reason, report_count_at_ban AS reportCountAtBan,
               ban_type AS banType, ban_end_date AS banEndDate, is_active AS isActive,
               created_at AS createdAt, updated_at AS updatedAt
        FROM user_bans
        WHERE user_no = #{userNo} AND is_active = 'Y'
        ORDER BY created_at DESC
        LIMIT 1
    </select>

    <!-- 차단 단건 조회 -->
    <select id="selectBanByNo" resultType="com.aloha.sample.dto.UserBan">
        SELECT no, user_no AS userNo, reason, report_count_at_ban AS reportCountAtBan,
               ban_type AS banType, ban_end_date AS banEndDate, is_active AS isActive,
               created_at AS createdAt, updated_at AS updatedAt
        FROM user_bans
        WHERE no = #{no}
    </select>

    <!-- 차단 등록 -->
    <insert id="insertBan" parameterType="com.aloha.sample.dto.UserBan" useGeneratedKeys="true" keyProperty="no">
        INSERT INTO user_bans (user_no, reason, report_count_at_ban, ban_type, ban_end_date, is_active)
        VALUES (#{userNo}, #{reason}, #{reportCountAtBan}, #{banType}, #{banEndDate}, 'Y')
    </insert>

    <!-- 차단 해제 -->
    <update id="updateBanActive">
        UPDATE user_bans SET is_active = #{isActive} WHERE no = #{no}
    </update>

    <!-- 차단 삭제 -->
    <delete id="deleteBan">
        DELETE FROM user_bans WHERE no = #{no}
    </delete>

</mapper>
