<?xml version="1.0" encoding="UTF-8"?>
<!DOCTYPE mapper PUBLIC "-//mybatis.org//DTD Mapper 3.0//EN" 
    "http://mybatis.org/dtd/mybatis-3-mapper.dtd">

<mapper namespace="com.aloha.sample.dao.UserMapper">

    <!-- ResultMap -->
    <resultMap id="userResultMap" type="com.aloha.sample.dto.User">
        <id property="no" column="no"/>
        <result property="id" column="id"/>
        <result property="userId" column="user_id"/>
        <result property="password" column="password"/>
        <result property="username" column="username"/>
        <result property="profileImg" column="profile_img"/>
        <result property="age" column="age"/>
        <result property="gender" column="gender"/>
        <result property="address" column="address"/>
        <result property="reportCount" column="report_count"/>
        <result property="isBanned" column="is_banned"/>
        <result property="bannedAt" column="banned_at"/>
        <result property="createdAt" column="created_at"/>
        <result property="updatedAt" column="updated_at"/>
        <collection property="authList" ofType="com.aloha.sample.dto.Auth">
            <id property="no" column="auth_no"/>
            <result property="userNo" column="auth_user_no"/>
            <result property="auth" column="auth"/>
        </collection>
    </resultMap>

    <!-- 회원 목록 조회 -->
    <select id="list" resultMap="userResultMap">
        SELECT u.*, 
               a.no AS auth_no, a.user_no AS auth_user_no, a.auth
        FROM users u
        LEFT JOIN user_auth a ON u.no = a.user_no
        ORDER BY u.no DESC
    </select>

    <!-- 회원 단건 조회 (no) -->
    <select id="selectByNo" resultMap="userResultMap">
        SELECT u.*, 
               a.no AS auth_no, a.user_no AS auth_user_no, a.auth
        FROM users u
        LEFT JOIN user_auth a ON u.no = a.user_no
        WHERE u.no = #{no}
    </select>

    <!-- 회원 단건 조회 (userId) -->
    <select id="selectByUserId" resultMap="userResultMap">
        SELECT u.*, 
               a.no AS auth_no, a.user_no AS auth_user_no, a.auth
        FROM users u
        LEFT JOIN user_auth a ON u.no = a.user_no
        WHERE u.user_id = #{userId}
    </select>

    <!-- 회원 단건 조회 (username) -->
    <select id="selectByUsername" resultMap="userResultMap">
        SELECT u.*, 
               a.no AS auth_no, a.user_no AS auth_user_no, a.auth
        FROM users u
        LEFT JOIN user_auth a ON u.no = a.user_no
        WHERE u.username = #{username}
    </select>

    <!-- 회원 등록 -->
    <insert id="insert" parameterType="com.aloha.sample.dto.User" useGeneratedKeys="true" keyProperty="no">
        INSERT INTO users (id, user_id, password, username, profile_img, age, gender, address)
        VALUES (UUID(), #{userId}, #{password}, #{username}, 
                COALESCE(#{profileImg}, '/static/img/default-profile.png'),
                #{age}, COALESCE(#{gender}, '공개안함'), #{address})
    </insert>

    <!-- 회원 수정 -->
    <update id="update" parameterType="com.aloha.sample.dto.User">
        UPDATE users
        SET username = #{username},
            profile_img = #{profileImg},
            age = #{age},
            gender = #{gender},
            address = #{address}
        WHERE no = #{no}
    </update>

    <!-- 회원 삭제 -->
    <delete id="delete">
        DELETE FROM users WHERE no = #{no}
    </delete>

    <!-- 아이디 중복 확인 -->
    <select id="countByUserId" resultType="int">
        SELECT COUNT(*) FROM users WHERE user_id = #{userId}
    </select>

    <!-- 닉네임 중복 확인 -->
    <select id="countByUsername" resultType="int">
        SELECT COUNT(*) FROM users WHERE username = #{username}
    </select>

    <!-- 신고 횟수 증가 -->
    <update id="incrementReportCount">
        UPDATE users SET report_count = report_count + 1 WHERE no = #{no}
    </update>

    <!-- 차단 처리 -->
    <update id="updateBanned">
        UPDATE users 
        SET is_banned = #{isBanned},
            banned_at = CASE WHEN #{isBanned} = 'Y' THEN NOW() ELSE NULL END
        WHERE no = #{no}
    </update>

    <!-- 회원 수 조회 -->
    <select id="count" resultType="int">
        SELECT COUNT(*) FROM users
    </select>

</mapper>
